{
  "model_name": "Random Forest (Retrained)",
  "test_rmse": 20.604831129996764,
  "test_mae": 3.826401024893588,
  "test_r2": 0.9765661870017943,
  "training_samples": 39800,
  "timestamp": "2026-01-07 17:10:19"
}